action,action_slug,role,rank,object_category,wnid,difficulty,difficulty_rank,source_image_path,dataset_image_path,dominant_cluster_ratio,fit_distance,mirror_margin,was_reflected,p1_x,p1_y,p2_x,p2_y,p3_x,p3_y,p4_x,p4_y,p5_x,p5_y
Brush/Dust,Brush_Dust,reference,1,spoon,n04284002,easy,0,images/n04284002/0006.jpg,Brush_Dust/references/01__spoon__0006.jpg,0.4388,0.015004,0.090502,0,0.2546875,0.2916666666666667,0.4109375,0.47291666666666665,0.303125,0.39375,0.6296875,0.61875,0.85625,0.8708333333333333
Brush/Dust,Brush_Dust,reference,2,toothbrush,n04453156,easy,0,images/n04453156/0066.png,Brush_Dust/references/02__toothbrush__0066.png,0.3516,0.008604,0.024588,0,0.1515625,0.1375,0.265625,0.23958333333333334,0.196875,0.175,0.453125,0.47291666666666665,0.81875,0.7833333333333333
Brush/Dust,Brush_Dust,test,1,scraper,n04150980,easy,0,images/n04150980/0078.png,Brush_Dust/tests/01__scraper__0078.png,0.4103,0.017165,1.499143,0,0.0328125,0.46458333333333335,0.2046875,0.7708333333333334,0.096875,0.6020833333333333,0.5890625,0.37916666666666665,0.9875,0.20208333333333334
Brush/Dust,Brush_Dust,test,2,scraper,n04150980,easy,0,images/n04150980/0060.png,Brush_Dust/tests/02__scraper__0060.png,0.4103,0.018647,1.804998,0,0.075,0.7,0.4015625,0.9583333333333334,0.2265625,0.825,0.53125,0.4479166666666667,0.84375,0.09583333333333334
Brush/Dust,Brush_Dust,test,3,scraper,n04150980,easy,0,images/n04150980/0063.png,Brush_Dust/tests/03__scraper__0063.png,0.4103,0.025639,1.20864,0,0.0390625,0.3645833333333333,0.028125,0.6166666666666667,0.03125,0.4875,0.503125,0.4875,0.9171875,0.48541666666666666
Brush/Dust,Brush_Dust,test,4,scraper,n04150980,easy,0,images/n04150980/0075.png,Brush_Dust/tests/04__scraper__0075.png,0.4103,0.035921,1.366191,0,0.178125,0.26666666666666666,0.071875,0.5083333333333333,0.1296875,0.38333333333333336,0.5046875,0.4479166666666667,0.9125,0.5125
Brush/Dust,Brush_Dust,test,1,scrub brush,n04156140,easy,0,images/n04156140/0052.png,Brush_Dust/tests/01__scrub_brush__0052.png,0.6098,0.162605,6.203513,0,0.103125,0.68125,0.896875,0.6895833333333333,0.55625,0.6541666666666667,0.3109375,0.3,0.8546875,0.21041666666666667
Brush/Dust,Brush_Dust,test,2,scrub brush,n04156140,easy,0,images/n04156140/0024.png,Brush_Dust/tests/02__scrub_brush__0024.png,0.6098,0.271926,6.325712,0,0.234375,0.63125,0.9484375,0.79375,0.7125,0.7625,0.4578125,0.3875,0.978125,0.3458333333333333
Brush/Dust,Brush_Dust,test,3,scrub brush,n04156140,easy,0,images/n04156140/0022.png,Brush_Dust/tests/03__scrub_brush__0022.png,0.6098,0.272679,5.351334,0,0.340625,0.7333333333333333,0.9234375,0.4979166666666667,0.7171875,0.7145833333333333,0.33125,0.41041666666666665,0.9546875,0.14791666666666667
Brush/Dust,Brush_Dust,test,4,scrub brush,n04156140,easy,0,images/n04156140/0005.png,Brush_Dust/tests/04__scrub_brush__0005.png,0.6098,0.302082,7.548471,0,0.1265625,0.8229166666666666,0.8765625,0.8833333333333333,0.5140625,0.9041666666666667,0.1421875,0.21666666666666667,0.9203125,0.2625
Brush/Dust,Brush_Dust,test,1,spoon,n04284002,easy,0,images/n04284002/0076.JPEG,Brush_Dust/tests/01__spoon__0076.JPEG,0.4388,0.016145,0.187416,0,0.140625,0.10416666666666667,0.35,0.29791666666666666,0.1671875,0.27708333333333335,0.590625,0.5020833333333333,0.8609375,0.76875
Brush/Dust,Brush_Dust,test,2,spoon,n04284002,easy,0,images/n04284002/0037.jpg,Brush_Dust/tests/02__spoon__0037.jpg,0.4388,0.022285,0.2129,0,0.040625,0.0875,0.3375,0.4,0.109375,0.35625,0.5875,0.58125,0.953125,0.8958333333333334
Brush/Dust,Brush_Dust,test,3,spoon,n04284002,easy,0,images/n04284002/0040.jpg,Brush_Dust/tests/03__spoon__0040.jpg,0.4388,0.024945,0.02696,0,0.1359375,0.6895833333333333,0.384375,0.5416666666666666,0.2609375,0.625,0.5921875,0.39375,0.925,0.21458333333333332
Brush/Dust,Brush_Dust,test,4,spoon,n04284002,easy,0,images/n04284002/0066.JPEG,Brush_Dust/tests/04__spoon__0066.JPEG,0.4388,0.025396,0.164623,0,0.3171875,0.075,0.465625,0.28541666666666665,0.33125,0.2375,0.6296875,0.45625,0.909375,0.8020833333333334
Brush/Dust,Brush_Dust,test,1,toothbrush,n04453156,easy,0,images/n04453156/0000.jpg,Brush_Dust/tests/01__toothbrush__0000.jpg,0.3516,0.014098,0.030919,0,0.040625,0.3625,0.140625,0.4,0.0984375,0.37916666666666665,0.440625,0.47291666666666665,0.971875,0.5041666666666667
Brush/Dust,Brush_Dust,test,2,toothbrush,n04453156,easy,0,images/n04453156/0087.png,Brush_Dust/tests/02__toothbrush__0087.png,0.3516,0.018307,0.007418,1,0.11093750000000002,0.14583333333333334,0.22812500000000002,0.22291666666666668,0.16249999999999998,0.19375,0.40937500000000004,0.4041666666666667,0.8140625,0.80625
Brush/Dust,Brush_Dust,test,3,toothbrush,n04453156,easy,0,images/n04453156/0086.png,Brush_Dust/tests/03__toothbrush__0086.png,0.3516,0.019358,0.001633,0,0.0796875,0.06041666666666667,0.25,0.22916666666666666,0.1578125,0.15416666666666667,0.4484375,0.4625,0.8375,0.8833333333333333
Brush/Dust,Brush_Dust,test,4,toothbrush,n04453156,easy,0,images/n04453156/0072.png,Brush_Dust/tests/04__toothbrush__0072.png,0.3516,0.019419,0.00906,0,0.11875,0.07916666666666666,0.2171875,0.16666666666666666,0.178125,0.13333333333333333,0.4921875,0.49166666666666664,0.90625,0.9125
Brush/Dust,Brush_Dust,test,1,whisk,n04578934,easy,0,images/n04578934/0056.png,Brush_Dust/tests/01__whisk__0056.png,0.3861,0.016505,0.218941,0,0.1296875,0.08541666666666667,0.4703125,0.47708333333333336,0.2171875,0.3458333333333333,0.6,0.5916666666666667,0.8828125,0.8875
Brush/Dust,Brush_Dust,test,2,whisk,n04578934,easy,0,images/n04578934/0018.png,Brush_Dust/tests/02__whisk__0018.png,0.3861,0.025968,0.199082,0,0.109375,0.5833333333333334,0.4671875,0.4041666666666667,0.3,0.5666666666666667,0.625,0.27708333333333335,0.8890625,0.18958333333333333
Brush/Dust,Brush_Dust,test,3,whisk,n04578934,easy,0,images/n04578934/0015.jpg,Brush_Dust/tests/03__whisk__0015.jpg,0.3861,0.028017,0.132112,0,0.034375,0.5166666666666667,0.5046875,0.6104166666666667,0.259375,0.6166666666666667,0.653125,0.625,0.9390625,0.7125
Brush/Dust,Brush_Dust,test,4,whisk,n04578934,easy,0,images/n04578934/0031.png,Brush_Dust/tests/04__whisk__0031.png,0.3861,0.029028,0.104596,0,0.084375,0.32708333333333334,0.409375,0.5541666666666667,0.21875,0.4791666666666667,0.5640625,0.6625,0.7984375,0.85625
Flip,Flip,reference,1,spoon,n04284002,easy,0,images/n04284002/0016.JPEG,Flip/references/01__spoon__0016.JPEG,0.4343,0.010222,0.024832,0,0.0984375,0.08541666666666667,0.2984375,0.28125,0.1734375,0.19166666666666668,0.4390625,0.43125,0.7953125,0.6708333333333333
Flip,Flip,reference,2,tablefork,n04380255,easy,0,images/n04380255/0022.jpg,Flip/references/02__tablefork__0022.jpg,0.4848,0.006743,0.028601,0,0.08125,0.14166666666666666,0.3265625,0.3875,0.171875,0.2625,0.55625,0.55,0.8734375,0.7916666666666666
Flip,Flip,test,1,ladle,n03633091,easy,0,images/n03633091/0055.JPEG,Flip/tests/01__ladle__0055.JPEG,0.5481,0.024771,0.172445,0,0.0796875,0.49583333333333335,0.321875,0.5625,0.1703125,0.5833333333333334,0.590625,0.5208333333333334,0.8921875,0.55
Flip,Flip,test,2,ladle,n03633091,easy,0,images/n03633091/0000.JPEG,Flip/tests/02__ladle__0000.JPEG,0.5481,0.026826,0.165084,0,0.1234375,0.8604166666666667,0.4171875,0.70625,0.2609375,0.80625,0.5328125,0.3875,0.9109375,0.04791666666666667
Flip,Flip,test,3,ladle,n03633091,easy,0,images/n03633091/0056.JPEG,Flip/tests/03__ladle__0056.JPEG,0.5481,0.046236,0.090987,0,0.1359375,0.22083333333333333,0.3328125,0.43333333333333335,0.2234375,0.35208333333333336,0.6515625,0.65,0.915625,0.8520833333333333
Flip,Flip,test,4,ladle,n03633091,easy,0,images/n03633091/0086.JPEG,Flip/tests/04__ladle__0086.JPEG,0.5481,0.048954,0.070978,0,0.0546875,0.4479166666666667,0.2953125,0.5083333333333333,0.16875,0.48125,0.4953125,0.48541666666666666,0.90625,0.55
Flip,Flip,test,1,spatula,n04269944,easy,0,images/n04269944/0016.png,Flip/tests/01__spatula__0016.png,0.4286,0.011769,0.033569,1,0.14531249999999996,0.24583333333333332,0.38125,0.37083333333333335,0.25,0.33125,0.565625,0.46041666666666664,0.8734375,0.5458333333333333
Flip,Flip,test,2,spatula,n04269944,easy,0,images/n04269944/0077.png,Flip/tests/02__spatula__0077.png,0.4286,0.014001,0.022113,1,0.0546875,0.6979166666666666,0.3890625,0.5125,0.21718749999999998,0.6104166666666667,0.615625,0.33125,0.890625,0.12916666666666668
Flip,Flip,test,3,spatula,n04269944,easy,0,images/n04269944/0018.png,Flip/tests/03__spatula__0018.png,0.4286,0.025571,0.008757,1,0.07499999999999996,0.83125,0.31562500000000004,0.75,0.17343750000000002,0.7979166666666667,0.5171875,0.6520833333333333,0.7515625,0.5645833333333333
Flip,Flip,test,4,spatula,n04269944,easy,0,images/n04269944/0085.png,Flip/tests/04__spatula__0085.png,0.4286,0.028835,0.03412,1,0.19999999999999996,0.49166666666666664,0.4203125,0.5333333333333333,0.30937499999999996,0.5208333333333334,0.5734375,0.5541666666666667,0.875,0.5354166666666667
Flip,Flip,test,1,spoon,n04284002,easy,0,images/n04284002/0006.jpg,Flip/tests/01__spoon__0006.jpg,0.4343,0.012654,0.010181,0,0.2875,0.22291666666666668,0.4359375,0.44166666666666665,0.38125,0.3458333333333333,0.5875,0.5854166666666667,0.846875,0.9020833333333333
Flip,Flip,test,2,spoon,n04284002,easy,0,images/n04284002/0024.JPEG,Flip/tests/02__spoon__0024.JPEG,0.4343,0.014313,0.004669,1,0.11406249999999996,0.6833333333333333,0.353125,0.6395833333333333,0.21562499999999996,0.65625,0.540625,0.5833333333333334,0.8453125,0.5395833333333333
Flip,Flip,test,3,spoon,n04284002,easy,0,images/n04284002/0044.JPEG,Flip/tests/03__spoon__0044.JPEG,0.4343,0.014426,0.010647,1,0.07499999999999996,0.36041666666666666,0.39375000000000004,0.32708333333333334,0.24687499999999996,0.36041666666666666,0.596875,0.32083333333333336,0.978125,0.32708333333333334
Flip,Flip,test,4,spoon,n04284002,easy,0,images/n04284002/0041.jpg,Flip/tests/04__spoon__0041.jpg,0.4343,0.018277,0.027227,0,0.253125,0.09791666666666667,0.43125,0.39375,0.3390625,0.25833333333333336,0.55625,0.5354166666666667,0.8171875,0.8291666666666667
Flip,Flip,test,1,tablefork,n04380255,easy,0,images/n04380255/0010.jpg,Flip/tests/01__tablefork__0010.jpg,0.4848,0.007516,0.018223,0,0.08125,0.15208333333333332,0.3578125,0.39791666666666664,0.209375,0.275,0.615625,0.5895833333333333,0.959375,0.81875
Flip,Flip,test,2,tablefork,n04380255,easy,0,images/n04380255/0012.jpg,Flip/tests/02__tablefork__0012.jpg,0.4848,0.011517,0.053137,0,0.0828125,0.58125,0.3875,0.50625,0.265625,0.58125,0.6046875,0.3854166666666667,0.95,0.21875
Flip,Flip,test,3,tablefork,n04380255,easy,0,images/n04380255/0033.png,Flip/tests/03__tablefork__0033.png,0.4848,0.011999,0.040577,0,0.0296875,0.12708333333333333,0.33125,0.44375,0.165625,0.2833333333333333,0.5828125,0.5666666666666667,0.9421875,0.8375
Flip,Flip,test,4,tablefork,n04380255,easy,0,images/n04380255/0060.png,Flip/tests/04__tablefork__0060.png,0.4848,0.015444,0.018915,0,0.065625,0.15,0.296875,0.33541666666666664,0.1515625,0.26458333333333334,0.5203125,0.51875,0.85625,0.7416666666666667
Flip,Flip,test,1,tongs,n04450749,hard,2,images/n04450749/0057.png,Flip/tests/01__tongs__0057.png,0.4603,0.003525,1.07146,1,0.033333333333333326,0.6755555555555556,0.22666666666666668,0.6888888888888889,0.1433333333333333,0.5155555555555555,0.41666666666666663,0.6888888888888889,0.7666666666666666,0.6933333333333334
Flip,Flip,test,2,tongs,n04450749,hard,2,images/n04450749/0003.png,Flip/tests/02__tongs__0003.png,0.4603,0.01349,0.909042,1,0.07750000000000001,0.49586776859504134,0.255,0.5041322314049587,0.1925,0.3677685950413223,0.44499999999999995,0.5041322314049587,0.7575000000000001,0.5495867768595041
Flip,Flip,test,3,tongs,n04450749,hard,2,images/n04450749/0047.png,Flip/tests/03__tongs__0047.png,0.4603,0.028467,0.787542,1,0.07999999999999996,0.5333333333333333,0.276,0.5653333333333334,0.18400000000000005,0.44,0.42400000000000004,0.56,0.746,0.568
Flip,Flip,test,4,tongs,n04450749,hard,2,images/n04450749/0035.png,Flip/tests/04__tongs__0035.png,0.4603,0.029839,0.818299,1,0.08333333333333337,0.87248322147651,0.28535353535353536,0.7449664429530202,0.14141414141414144,0.6577181208053692,0.48484848484848486,0.5771812080536913,0.7853535353535354,0.35570469798657717
Lift Something,Lift_Something,reference,1,tablefork,n04380255,easy,0,images/n04380255/0055.png,Lift_Something/references/01__tablefork__0055.png,0.4455,0.006275,0.024416,0,0.2390625,0.31666666666666665,0.3734375,0.47708333333333336,0.3,0.4083333333333333,0.5359375,0.625,0.703125,0.7958333333333333
Lift Something,Lift_Something,reference,2,ladle,n03633091,easy,0,images/n03633091/0000.JPEG,Lift_Something/references/02__ladle__0000.JPEG,0.5429,0.022255,0.266286,0,0.090625,0.78125,0.4171875,0.6375,0.2484375,0.8104166666666667,0.584375,0.3333333333333333,0.9484375,0.0375
Lift Something,Lift_Something,test,1,basket,n02801938,easy,0,images/n02801938/0010.png,Lift_Something/tests/01__basket__0010.png,0.2913,0.229241,7.618255,0,0.1359375,0.5333333333333333,0.546875,0.675,0.453125,0.69375,0.5609375,0.5833333333333334,0.4828125,0.22083333333333333
Lift Something,Lift_Something,test,2,basket,n02801938,easy,0,images/n02801938/0003.png,Lift_Something/tests/02__basket__0003.png,0.2913,0.345093,6.892655,0,0.0859375,0.45,0.5421875,0.5395833333333333,0.5,0.73125,0.53125,0.45416666666666666,0.4765625,0.0875
Lift Something,Lift_Something,test,3,basket,n02801938,easy,0,images/n02801938/0021.png,Lift_Something/tests/03__basket__0021.png,0.2913,0.514572,3.751322,0,0.1453125,0.5291666666666667,0.390625,0.5708333333333333,0.3203125,0.83125,0.43125,0.48541666666666666,0.5359375,0.09375
Lift Something,Lift_Something,test,4,basket,n02801938,easy,0,images/n02801938/0036.png,Lift_Something/tests/04__basket__0036.png,0.2913,0.515499,4.201191,0,0.128125,0.4375,0.45,0.5833333333333334,0.3984375,0.83125,0.5,0.5416666666666666,0.8609375,0.075
Lift Something,Lift_Something,test,1,dustpan,n03259009,easy,0,images/n03259009/0047.png,Lift_Something/tests/01__dustpan__0047.png,0.2,0.091833,0.052658,1,0.25468749999999996,0.54375,0.6234375,0.5583333333333333,0.546875,0.5979166666666667,0.6703125,0.5729166666666666,0.8203125,0.59375
Lift Something,Lift_Something,test,2,dustpan,n03259009,medium,1,images/n03259009/0013.png,Lift_Something/tests/02__dustpan__0013.png,0.2,0.046435,0.120619,1,0.21406250000000004,0.70625,0.65,0.3145833333333333,0.5734375,0.49583333333333335,0.6921875,0.25833333333333336,0.921875,0.06875
Lift Something,Lift_Something,test,3,dustpan,n03259009,medium,1,images/n03259009/0049.png,Lift_Something/tests/03__dustpan__0049.png,0.2,0.090187,0.019846,1,0.20937499999999998,0.61875,0.63125,0.28958333333333336,0.5828125,0.35208333333333336,0.7203125,0.22291666666666668,0.8828125,0.10625
Lift Something,Lift_Something,test,4,dustpan,n03259009,medium,1,images/n03259009/0036.png,Lift_Something/tests/04__dustpan__0036.png,0.2,0.090856,0.02518,1,0.259375,0.6020833333333333,0.609375,0.30833333333333335,0.575,0.3645833333333333,0.6828125,0.25416666666666665,0.8203125,0.14375
Lift Something,Lift_Something,test,1,ladle,n03633091,easy,0,images/n03633091/0001.JPEG,Lift_Something/tests/01__ladle__0001.JPEG,0.5429,0.022922,0.313438,0,0.1171875,0.2708333333333333,0.2375,0.45625,0.146875,0.4479166666666667,0.5546875,0.5854166666666667,0.83125,0.7541666666666667
Lift Something,Lift_Something,test,2,ladle,n03633091,easy,0,images/n03633091/0086.JPEG,Lift_Something/tests/02__ladle__0086.JPEG,0.5429,0.027445,0.294998,0,0.0640625,0.44375,0.275,0.525,0.1375,0.5916666666666667,0.553125,0.5208333333333334,0.9046875,0.5479166666666667
Lift Something,Lift_Something,test,3,ladle,n03633091,easy,0,images/n03633091/0051.JPEG,Lift_Something/tests/03__ladle__0051.JPEG,0.5429,0.030652,0.091706,0,0.0640625,0.18333333333333332,0.3015625,0.35625,0.140625,0.30833333333333335,0.609375,0.5520833333333334,0.9484375,0.8166666666666667
Lift Something,Lift_Something,test,4,ladle,n03633091,easy,0,images/n03633091/0009.JPEG,Lift_Something/tests/04__ladle__0009.JPEG,0.5429,0.03527,0.26684,0,0.1171875,0.1,0.19375,0.38125,0.103125,0.24375,0.6296875,0.58125,0.9375,0.9125
Lift Something,Lift_Something,test,1,tablefork,n04380255,easy,0,images/n04380255/0099.png,Lift_Something/tests/01__tablefork__0099.png,0.4455,0.008265,0.006638,0,0.1265625,0.05,0.365625,0.33541666666666664,0.2265625,0.18541666666666667,0.63125,0.6375,0.8828125,0.93125
Lift Something,Lift_Something,test,2,tablefork,n04380255,easy,0,images/n04380255/0029.jpg,Lift_Something/tests/02__tablefork__0029.jpg,0.4455,0.009193,0.041327,0,0.059375,0.08125,0.303125,0.3729166666666667,0.1578125,0.22083333333333333,0.5765625,0.56875,0.903125,0.80625
Lift Something,Lift_Something,test,3,tablefork,n04380255,easy,0,images/n04380255/0076.png,Lift_Something/tests/03__tablefork__0076.png,0.4455,0.010971,0.041144,0,0.1265625,0.10625,0.3078125,0.36666666666666664,0.19375,0.23958333333333334,0.559375,0.5770833333333333,0.828125,0.8395833333333333
Lift Something,Lift_Something,test,4,tablefork,n04380255,easy,0,images/n04380255/0086.png,Lift_Something/tests/04__tablefork__0086.png,0.4455,0.018016,0.015291,0,0.0796875,0.3229166666666667,0.325,0.4479166666666667,0.18125,0.38958333333333334,0.6296875,0.5583333333333333,0.93125,0.7145833333333333
Lift Something,Lift_Something,test,1,tongs,n04450749,hard,2,images/n04450749/0057.png,Lift_Something/tests/01__tongs__0057.png,0.4603,0.003525,1.07146,1,0.033333333333333326,0.6755555555555556,0.22666666666666668,0.6888888888888889,0.1433333333333333,0.5155555555555555,0.41666666666666663,0.6888888888888889,0.7666666666666666,0.6933333333333334
Lift Something,Lift_Something,test,2,tongs,n04450749,hard,2,images/n04450749/0003.png,Lift_Something/tests/02__tongs__0003.png,0.4603,0.01349,0.909042,1,0.07750000000000001,0.49586776859504134,0.255,0.5041322314049587,0.1925,0.3677685950413223,0.44499999999999995,0.5041322314049587,0.7575000000000001,0.5495867768595041
Lift Something,Lift_Something,test,3,tongs,n04450749,hard,2,images/n04450749/0047.png,Lift_Something/tests/03__tongs__0047.png,0.4603,0.028467,0.787542,1,0.07999999999999996,0.5333333333333333,0.276,0.5653333333333334,0.18400000000000005,0.44,0.42400000000000004,0.56,0.746,0.568
Lift Something,Lift_Something,test,4,tongs,n04450749,hard,2,images/n04450749/0035.png,Lift_Something/tests/04__tongs__0035.png,0.4603,0.029839,0.818299,1,0.08333333333333337,0.87248322147651,0.28535353535353536,0.7449664429530202,0.14141414141414144,0.6577181208053692,0.48484848484848486,0.5771812080536913,0.7853535353535354,0.35570469798657717
Mash/Pound,Mash_Pound,reference,1,frying_pan,n03400231,easy,0,images/n03400231/0057.JPEG,Mash_Pound/references/01__frying_pan__0057.JPEG,0.5243,0.018234,0.09442,0,0.1078125,0.5770833333333333,0.31875,0.525,0.509375,0.44583333333333336,0.665625,0.33958333333333335,0.9296875,0.23958333333333334
Mash/Pound,Mash_Pound,reference,2,bottle,n02876657,easy,0,images/n02876657/0001.JPEG,Mash_Pound/references/02__bottle__0001.JPEG,0.0481,0.73575,0.230351,0,0.128125,0.85,0.3,0.8895833333333333,0.465625,0.9,0.640625,0.85625,0.846875,0.8666666666666667
Mash/Pound,Mash_Pound,test,1,bottle,n02876657,easy,0,images/n02876657/0048.JPEG,Mash_Pound/tests/01__bottle__0048.JPEG,0.0481,0.85811,0.269524,1,0.20937499999999998,0.5875,0.3359375,0.44166666666666665,0.46406250000000004,0.3104166666666667,0.615625,0.2791666666666667,0.7890625,0.1
Mash/Pound,Mash_Pound,test,2,bottle,n02876657,easy,0,images/n02876657/0056.JPEG,Mash_Pound/tests/02__bottle__0056.JPEG,0.0481,1.117452,0.661143,0,0.2140625,0.40625,0.2296875,0.6375,0.234375,0.8291666666666667,0.490625,0.2625,0.4765625,0.0625
Mash/Pound,Mash_Pound,test,3,bottle,n02876657,medium,1,images/n02876657/0053.JPEG,Mash_Pound/tests/03__bottle__0053.JPEG,0.0481,1.118377,0.192027,0,0.41875,0.4270833333333333,0.2921875,0.5666666666666667,0.165625,0.7375,0.6109375,0.325,0.784375,0.12291666666666666
Mash/Pound,Mash_Pound,test,4,bottle,n02876657,medium,1,images/n02876657/0095.JPEG,Mash_Pound/tests/04__bottle__0095.JPEG,0.0481,1.554772,0.093749,0,0.5421875,0.33125,0.334375,0.4708333333333333,0.1953125,0.60625,0.659375,0.25416666666666665,0.853125,0.12708333333333333
Mash/Pound,Mash_Pound,test,1,frying_pan,n03400231,easy,0,images/n03400231/0034.JPEG,Mash_Pound/tests/01__frying_pan__0034.JPEG,0.5243,0.021522,0.187085,0,0.146875,0.66875,0.3625,0.61875,0.5203125,0.5604166666666667,0.6875,0.39166666666666666,0.965625,0.24375
Mash/Pound,Mash_Pound,test,2,frying_pan,n03400231,easy,0,images/n03400231/0028.JPEG,Mash_Pound/tests/02__frying_pan__0028.JPEG,0.5243,0.025235,0.257522,0,0.18125,0.6104166666666667,0.3890625,0.55,0.625,0.46041666666666664,0.734375,0.3104166666666667,0.9546875,0.08541666666666667
Mash/Pound,Mash_Pound,test,3,frying_pan,n03400231,easy,0,images/n03400231/0056.JPEG,Mash_Pound/tests/03__frying_pan__0056.JPEG,0.5243,0.03431,0.180716,0,0.159375,0.83125,0.3296875,0.8416666666666667,0.46875,0.8291666666666667,0.6109375,0.7625,0.896875,0.6708333333333333
Mash/Pound,Mash_Pound,test,4,frying_pan,n03400231,easy,0,images/n03400231/0041.JPEG,Mash_Pound/tests/04__frying_pan__0041.JPEG,0.5243,0.03891,0.109115,0,0.2265625,0.5479166666666667,0.3765625,0.55,0.5203125,0.525,0.615625,0.48541666666666666,0.890625,0.4270833333333333
Mash/Pound,Mash_Pound,test,1,hammer,n03481172,easy,0,images/n03481172/0103.JPEG,Mash_Pound/tests/01__hammer__0103.JPEG,0.4038,0.004034,0.515321,0,0.0953125,0.4479166666666667,0.1171875,0.48125,0.1421875,0.48541666666666666,0.453125,0.45416666666666666,0.7734375,0.6645833333333333
Mash/Pound,Mash_Pound,test,2,hammer,n03481172,easy,0,images/n03481172/0033.JPEG,Mash_Pound/tests/02__hammer__0033.JPEG,0.4038,0.012195,0.407172,1,0.06718749999999996,0.2625,0.09375,0.25625,0.11875000000000002,0.2708333333333333,0.4609375,0.45625,0.928125,0.44166666666666665
Mash/Pound,Mash_Pound,test,3,hammer,n03481172,easy,0,images/n03481172/0034.JPEG,Mash_Pound/tests/03__hammer__0034.JPEG,0.4038,0.017409,0.459962,0,0.2484375,0.85625,0.2640625,0.84375,0.2890625,0.825,0.540625,0.65625,0.8984375,0.65625
Mash/Pound,Mash_Pound,test,4,hammer,n03481172,easy,0,images/n03481172/0060.JPEG,Mash_Pound/tests/04__hammer__0060.JPEG,0.4038,0.022219,0.676737,0,0.06875,0.9020833333333333,0.121875,0.8958333333333334,0.16875,0.8958333333333334,0.4390625,0.5333333333333333,0.965625,0.5208333333333334
Mash/Pound,Mash_Pound,test,1,ladle,n03633091,easy,0,images/n03633091/0056.JPEG,Mash_Pound/tests/01__ladle__0056.JPEG,0.4811,0.048996,0.663887,0,0.2015625,0.11666666666666667,0.09375,0.23333333333333334,0.0859375,0.3854166666666667,0.478125,0.5083333333333333,0.8921875,0.86875
Mash/Pound,Mash_Pound,test,2,ladle,n03633091,easy,0,images/n03633091/0098.JPEG,Mash_Pound/tests/02__ladle__0098.JPEG,0.4811,0.059915,0.720295,0,0.059375,0.41875,0.06875,0.5541666666666667,0.0953125,0.65625,0.46875,0.5583333333333333,0.8125,0.6083333333333333
Mash/Pound,Mash_Pound,test,3,ladle,n03633091,easy,0,images/n03633091/0099.JPEG,Mash_Pound/tests/03__ladle__0099.JPEG,0.4811,0.060706,0.490803,1,0.20625000000000004,0.7979166666666667,0.15000000000000002,0.7020833333333333,0.13593750000000004,0.6208333333333333,0.44062500000000004,0.45625,0.8625,0.21666666666666667
Mash/Pound,Mash_Pound,test,4,ladle,n03633091,easy,0,images/n03633091/0058.JPEG,Mash_Pound/tests/04__ladle__0058.JPEG,0.4811,0.061073,0.450621,0,0.071875,0.75625,0.1453125,0.83125,0.253125,0.85,0.5359375,0.3625,0.8171875,0.0625
Mash/Pound,Mash_Pound,test,1,shoe,n04199027,easy,0,images/n04199027/0030.JPEG,Mash_Pound/tests/01__shoe__0030.JPEG,0.6262,0.01227,0.136886,0,0.0578125,0.6916666666666667,0.1421875,0.7166666666666667,0.2390625,0.7541666666666667,0.6625,0.6375,0.9453125,0.65625
Mash/Pound,Mash_Pound,test,2,shoe,n04199027,easy,0,images/n04199027/0071.JPEG,Mash_Pound/tests/02__shoe__0071.JPEG,0.6262,0.012872,0.085738,0,0.2046875,0.6604166666666667,0.265625,0.66875,0.340625,0.65625,0.615625,0.5625,0.834375,0.5583333333333333
Mash/Pound,Mash_Pound,test,3,shoe,n04199027,easy,0,images/n04199027/0020.JPEG,Mash_Pound/tests/03__shoe__0020.JPEG,0.6262,0.012976,0.171482,0,0.046875,0.7375,0.121875,0.7770833333333333,0.25625,0.8104166666666667,0.59375,0.7041666666666667,0.871875,0.7520833333333333
Mash/Pound,Mash_Pound,test,4,shoe,n04199027,easy,0,images/n04199027/0049.JPEG,Mash_Pound/tests/04__shoe__0049.JPEG,0.6262,0.018415,0.087301,0,0.1734375,0.8520833333333333,0.2484375,0.84375,0.3390625,0.8520833333333333,0.6703125,0.6895833333333333,0.8984375,0.5979166666666667
Mix,Mix,reference,1,spoon,n04284002,easy,0,images/n04284002/0004.jpg,Mix/references/01__spoon__0004.jpg,0.4343,0.010938,0.001978,1,0.1171875,0.49375,0.3265625,0.49166666666666664,0.4375,0.5083333333333333,0.6640625,0.5020833333333333,0.909375,0.5041666666666667
Mix,Mix,reference,2,tablefork,n04380255,easy,0,images/n04380255/0022.jpg,Mix/references/02__tablefork__0022.jpg,0.5149,0.005321,0.038673,0,0.0859375,0.13333333333333333,0.2859375,0.375,0.4125,0.4479166666666667,0.621875,0.6125,0.890625,0.8291666666666667
Mix,Mix,test,1,spatula,n04269944,easy,0,images/n04269944/0089.png,Mix/tests/01__spatula__0089.png,0.4,0.002023,0.010488,1,0.17500000000000004,0.5333333333333333,0.41718750000000004,0.5208333333333334,0.5078125,0.5125,0.6953125,0.49166666666666664,0.890625,0.46458333333333335
Mix,Mix,test,2,spatula,n04269944,easy,0,images/n04269944/0056.png,Mix/tests/02__spatula__0056.png,0.4,0.014155,0.002033,1,0.1640625,0.9,0.4375,0.60625,0.49687499999999996,0.5104166666666666,0.7328125,0.26875,0.925,0.04583333333333333
Mix,Mix,test,3,spatula,n04269944,easy,0,images/n04269944/0087.png,Mix/tests/03__spatula__0087.png,0.4,0.017373,0.00253,1,0.0703125,0.23958333333333334,0.3609375,0.38125,0.44843750000000004,0.45625,0.66875,0.5666666666666667,0.9453125,0.6645833333333333
Mix,Mix,test,4,spatula,n04269944,easy,0,images/n04269944/0082.png,Mix/tests/04__spatula__0082.png,0.4,0.020747,0.013072,1,0.08750000000000002,0.73125,0.41093749999999996,0.525,0.453125,0.45208333333333334,0.6859375,0.2833333333333333,0.9125,0.12916666666666668
Mix,Mix,test,1,spoon,n04284002,easy,0,images/n04284002/0034.jpg,Mix/tests/01__spoon__0034.jpg,0.4343,0.016216,0.005892,0,0.1390625,0.5083333333333333,0.34375,0.49583333333333335,0.3984375,0.5,0.5953125,0.5041666666666667,0.834375,0.49583333333333335
Mix,Mix,test,2,spoon,n04284002,easy,0,images/n04284002/0097.JPEG,Mix/tests/02__spoon__0097.JPEG,0.4343,0.018275,0.02288,1,0.078125,0.9208333333333333,0.37187499999999996,0.6895833333333333,0.43437499999999996,0.6208333333333333,0.615625,0.35625,0.9,0.10625
Mix,Mix,test,3,spoon,n04284002,easy,0,images/n04284002/0000.jpg,Mix/tests/03__spoon__0000.jpg,0.4343,0.018505,0.012912,0,0.0984375,0.78125,0.36875,0.5291666666666667,0.4375,0.48125,0.6640625,0.30833333333333335,0.903125,0.11458333333333333
Mix,Mix,test,4,spoon,n04284002,easy,0,images/n04284002/0075.JPEG,Mix/tests/04__spoon__0075.JPEG,0.4343,0.018765,0.011573,1,0.10312500000000002,0.4375,0.3421875,0.46041666666666664,0.4390625,0.4625,0.60625,0.475,0.8859375,0.47291666666666665
Mix,Mix,test,1,tablefork,n04380255,easy,0,images/n04380255/0015.jpg,Mix/tests/01__tablefork__0015.jpg,0.5149,0.009036,0.010779,0,0.096875,0.07291666666666667,0.346875,0.36041666666666666,0.4171875,0.43125,0.640625,0.6625,0.890625,0.9166666666666666
Mix,Mix,test,2,tablefork,n04380255,easy,0,images/n04380255/0064.png,Mix/tests/02__tablefork__0064.png,0.5149,0.009278,0.004988,1,0.13437500000000002,0.5,0.3765625,0.49583333333333335,0.4453125,0.49583333333333335,0.6625,0.5,0.890625,0.5
Mix,Mix,test,3,tablefork,n04380255,easy,0,images/n04380255/0029.jpg,Mix/tests/03__tablefork__0029.jpg,0.5149,0.00957,0.043324,0,0.0484375,0.09375,0.278125,0.36041666666666666,0.35625,0.4166666666666667,0.615625,0.6020833333333333,0.8734375,0.7916666666666666
Mix,Mix,test,4,tablefork,n04380255,easy,0,images/n04380255/0010.jpg,Mix/tests/04__tablefork__0010.jpg,0.5149,0.011899,0.021341,0,0.078125,0.16875,0.33125,0.3958333333333333,0.4109375,0.45,0.6734375,0.6125,0.95,0.8375
Mix,Mix,test,1,tongs,n04450749,easy,0,images/n04450749/0013.png,Mix/tests/01__tongs__0013.png,0.5397,0.02761,0.040523,0,0.15625,0.7333333333333333,0.3078125,0.6875,0.4625,0.69375,0.684375,0.70625,0.85625,0.70625
Mix,Mix,test,2,tongs,n04450749,easy,0,images/n04450749/0008.png,Mix/tests/02__tongs__0008.png,0.5397,0.028664,0.002702,1,0.018750000000000044,0.09166666666666666,0.27031249999999996,0.18958333333333333,0.5296875,0.325,0.7203125,0.4354166666666667,0.9671875,0.5270833333333333
Mix,Mix,test,3,tongs,n04450749,easy,0,images/n04450749/0045.png,Mix/tests/03__tongs__0045.png,0.5397,0.03693,0.00404,1,0.043749999999999956,0.6041666666666666,0.3140625,0.5708333333333333,0.4984375,0.5291666666666667,0.7265625,0.48125,0.9359375,0.45
Mix,Mix,test,4,tongs,n04450749,easy,0,images/n04450749/0046.png,Mix/tests/04__tongs__0046.png,0.5397,0.051462,0.008473,0,0.06875,0.6416666666666667,0.3234375,0.46458333333333335,0.534375,0.33125,0.70625,0.21041666666666667,0.909375,0.08958333333333333
Mix,Mix,test,1,whisk,n04578934,easy,0,images/n04578934/0023.png,Mix/tests/01__whisk__0023.png,0.42,0.009883,0.003856,0,0.26875,0.71875,0.578125,0.5270833333333333,0.69375,0.46875,0.7953125,0.375,0.9390625,0.3
Mix,Mix,test,2,whisk,n04578934,easy,0,images/n04578934/0092.png,Mix/tests/02__whisk__0092.png,0.42,0.01075,0.001435,1,0.265625,0.6708333333333333,0.5859375,0.5208333333333334,0.6890625,0.47291666666666665,0.8046875,0.42291666666666666,0.896875,0.37916666666666665
Mix,Mix,test,3,whisk,n04578934,easy,0,images/n04578934/0019.png,Mix/tests/03__whisk__0019.png,0.42,0.019411,0.014478,0,0.13125,0.75,0.5125,0.45625,0.5875,0.2916666666666667,0.7203125,0.18333333333333332,0.84375,0.06666666666666667
Mix,Mix,test,4,whisk,n04578934,easy,0,images/n04578934/0038.png,Mix/tests/04__whisk__0038.png,0.42,0.025071,0.000483,0,0.3859375,0.7875,0.6203125,0.48541666666666666,0.7171875,0.3375,0.828125,0.20416666666666666,0.91875,0.08125
Poke,Poke,reference,1,screwdriver,n04154565,easy,0,images/n04154565/0036.JPEG,Poke/references/01__screwdriver__0036.JPEG,0.4615,0.005019,0.002506,0,0.2421875,0.6291666666666667,0.4296875,0.4395833333333333,0.4859375,0.3875,0.5765625,0.3104166666666667,0.653125,0.21875
Poke,Poke,reference,2,scraper,n04150980,easy,0,images/n04150980/0057.png,Poke/references/02__scraper__0057.png,0.4557,0.02448,0.00496,0,0.1828125,0.7458333333333333,0.3390625,0.5770833333333333,0.46875,0.4666666666666667,0.59375,0.36875,0.7640625,0.18333333333333332
Poke,Poke,test,1,scissors,n04148054,easy,0,images/n04148054/0086.png,Poke/tests/01__scissors__0086.png,0.3431,0.027863,0.354336,1,0.025000000000000022,0.17708333333333334,0.3671875,0.375,0.43437499999999996,0.4166666666666667,0.665625,0.6083333333333333,0.8078125,0.9020833333333333
Poke,Poke,test,2,scissors,n04148054,easy,0,images/n04148054/0076.png,Poke/tests/02__scissors__0076.png,0.3431,0.058355,0.442841,1,0.22343749999999996,0.8,0.38125,0.5645833333333333,0.459375,0.5208333333333334,0.7015625,0.46875,0.91875,0.375
Poke,Poke,test,3,scissors,n04148054,easy,0,images/n04148054/0091.png,Poke/tests/03__scissors__0091.png,0.3431,0.060884,0.120368,0,0.4078125,0.5770833333333333,0.5703125,0.56875,0.6015625,0.56875,0.6953125,0.55,0.803125,0.5291666666666667
Poke,Poke,test,4,scissors,n04148054,easy,0,images/n04148054/0065.png,Poke/tests/04__scissors__0065.png,0.3431,0.065861,0.217561,0,0.0359375,0.6604166666666667,0.3234375,0.5395833333333333,0.45,0.5145833333333333,0.7578125,0.375,0.9390625,0.17708333333333334
Poke,Poke,test,1,scraper,n04150980,easy,0,images/n04150980/0060.png,Poke/tests/01__scraper__0060.png,0.4557,0.030116,0.016269,0,0.275,0.825,0.4140625,0.6208333333333333,0.5828125,0.41041666666666665,0.7359375,0.22291666666666668,0.878125,0.04791666666666667
Poke,Poke,test,2,scraper,n04150980,easy,0,images/n04150980/0076.png,Poke/tests/02__scraper__0076.png,0.4557,0.054872,0.012907,0,0.1921875,0.5104166666666666,0.334375,0.44375,0.540625,0.3854166666666667,0.6984375,0.33125,0.94375,0.25
Poke,Poke,test,3,scraper,n04150980,easy,0,images/n04150980/0058.png,Poke/tests/03__scraper__0058.png,0.4557,0.083584,0.004173,0,0.1265625,0.49166666666666664,0.40625,0.48333333333333334,0.540625,0.49166666666666664,0.6921875,0.4979166666666667,0.846875,0.49166666666666664
Poke,Poke,test,4,scraper,n04150980,easy,0,images/n04150980/0046.png,Poke/tests/04__scraper__0046.png,0.4557,0.108465,0.042252,0,0.0734375,0.6770833333333334,0.440625,0.45,0.55625,0.35625,0.7203125,0.24583333333333332,0.9703125,0.15833333333333333
Poke,Poke,test,1,screwdriver,n04154565,easy,0,images/n04154565/0052.JPEG,Poke/tests/01__screwdriver__0052.JPEG,0.4615,0.005686,0.000256,1,0.2109375,0.46041666666666664,0.46875,0.475,0.5234375,0.475,0.6390625,0.46875,0.765625,0.48125
Poke,Poke,test,2,screwdriver,n04154565,easy,0,images/n04154565/0080.JPEG,Poke/tests/02__screwdriver__0080.JPEG,0.4615,0.007155,0.001273,1,0.2421875,0.17916666666666667,0.5,0.44166666666666665,0.55,0.5333333333333333,0.6640625,0.6520833333333333,0.771875,0.775
Poke,Poke,test,3,screwdriver,n04154565,easy,0,images/n04154565/0075.JPEG,Poke/tests/03__screwdriver__0075.JPEG,0.4615,0.008371,0.00508,0,0.0546875,0.5333333333333333,0.4296875,0.5166666666666667,0.5328125,0.5041666666666667,0.7484375,0.4875,0.9140625,0.4625
Poke,Poke,test,4,screwdriver,n04154565,easy,0,images/n04154565/0042.JPEG,Poke/tests/04__screwdriver__0042.JPEG,0.4615,0.017488,0.002144,0,0.2328125,0.10208333333333333,0.4296875,0.34375,0.51875,0.4125,0.6421875,0.5395833333333333,0.7484375,0.6583333333333333
Poke,Poke,test,1,trowel,n04489817,easy,0,images/n04489817/0098.png,Poke/tests/01__trowel__0098.png,0.49,0.049854,0.120021,0,0.0859375,0.825,0.371875,0.6520833333333333,0.596875,0.5020833333333333,0.675,0.36041666666666666,0.9140625,0.13958333333333334
Poke,Poke,test,2,trowel,n04489817,easy,0,images/n04489817/0090.png,Poke/tests/02__trowel__0090.png,0.49,0.050566,0.262276,0,0.1171875,0.8791666666666667,0.4234375,0.7395833333333334,0.6421875,0.5854166666666667,0.69375,0.34375,0.8875,0.18958333333333333
Poke,Poke,test,3,trowel,n04489817,easy,0,images/n04489817/0011.png,Poke/tests/03__trowel__0011.png,0.49,0.067562,0.13459,0,0.025,0.36875,0.215625,0.45625,0.521875,0.4479166666666667,0.7359375,0.4479166666666667,0.9296875,0.45
Poke,Poke,test,4,trowel,n04489817,easy,0,images/n04489817/0063.png,Poke/tests/04__trowel__0063.png,0.49,0.089158,0.007243,1,0.012499999999999956,0.5291666666666667,0.2984375,0.5229166666666667,0.56875,0.5145833333333333,0.6890625,0.5104166666666666,0.9265625,0.5270833333333333
Poke,Poke,test,1,watering_can,n04560292,easy,0,images/n04560292/0097.png,Poke/tests/01__watering_can__0097.png,0.5644,0.041606,4.383907,0,0.1484375,0.44375,0.525,0.7145833333333333,0.625,0.3229166666666667,0.740625,0.22708333333333333,0.8546875,0.3104166666666667
Poke,Poke,test,2,watering_can,n04560292,easy,0,images/n04560292/0067.png,Poke/tests/02__watering_can__0067.png,0.5644,0.054586,4.152924,0,0.190625,0.4979166666666667,0.4265625,0.7479166666666667,0.55625,0.4895833333333333,0.7109375,0.39375,0.75625,0.50625
Poke,Poke,test,3,watering_can,n04560292,easy,0,images/n04560292/0002.png,Poke/tests/03__watering_can__0002.png,0.5644,0.090286,4.666575,0,0.1421875,0.4,0.5109375,0.7125,0.578125,0.19166666666666668,0.7125,0.09375,0.8734375,0.18541666666666667
Poke,Poke,test,4,watering_can,n04560292,easy,0,images/n04560292/0028.png,Poke/tests/04__watering_can__0028.png,0.5644,0.105608,4.495319,0,0.034375,0.4125,0.4265625,0.7333333333333333,0.496875,0.17083333333333334,0.7265625,0.10833333333333334,0.9203125,0.25833333333333336
Pour,Pour,reference,1,bottle,n02876657,easy,0,images/n02876657/0053.JPEG,Pour/references/01__bottle__0053.JPEG,0.0583,0.032631,0.003396,1,0.19999999999999996,0.11041666666666666,0.4078125,0.4041666666666667,0.659375,0.6979166666666666,0.55,0.5375,0.7796875,0.8479166666666667
Pour,Pour,reference,2,cup,n07930864,easy,0,images/n07930864/0063.JPEG,Pour/references/02__cup__0063.JPEG,0.7982,0.014476,3.081758,0,0.303125,0.44375,0.35625,0.49166666666666664,0.45,0.7270833333333333,0.6921875,0.5666666666666667,0.7453125,0.6875
Pour,Pour,test,1,bottle,n02876657,easy,0,images/n02876657/0047.JPEG,Pour/tests/01__bottle__0047.JPEG,0.0583,0.039994,0.007206,1,0.14531249999999996,0.8291666666666667,0.384375,0.66875,0.6375,0.5083333333333333,0.459375,0.6083333333333333,0.7859375,0.4166666666666667
Pour,Pour,test,2,bottle,n02876657,easy,0,images/n02876657/0020.JPEG,Pour/tests/02__bottle__0020.JPEG,0.0583,0.058814,0.016978,0,0.18125,0.14583333333333334,0.334375,0.3145833333333333,0.55625,0.5729166666666666,0.3890625,0.41041666666666665,0.6765625,0.6770833333333334
Pour,Pour,test,3,bottle,n02876657,easy,0,images/n02876657/0001.JPEG,Pour/tests/03__bottle__0001.JPEG,0.0583,0.071334,0.006001,1,0.16874999999999996,0.8375,0.4296875,0.8104166666666667,0.721875,0.7916666666666666,0.5046875,0.8166666666666667,0.8640625,0.8
Pour,Pour,test,4,bottle,n02876657,easy,0,images/n02876657/0095.JPEG,Pour/tests/04__bottle__0095.JPEG,0.0583,1.153122,0.038413,1,0.11562499999999998,0.14583333333333334,0.3671875,0.28125,0.4609375,0.2875,0.684375,0.4166666666666667,0.859375,0.6
Pour,Pour,test,1,cup,n07930864,easy,0,images/n07930864/0000.JPEG,Pour/tests/01__cup__0000.JPEG,0.7982,0.020078,2.803107,0,0.090625,0.2375,0.15625,0.28125,0.4765625,0.6020833333333333,0.8,0.23958333333333334,0.95625,0.4166666666666667
Pour,Pour,test,2,cup,n07930864,easy,0,images/n07930864/0078.JPEG,Pour/tests/02__cup__0078.JPEG,0.7982,0.025563,2.727973,0,0.0859375,0.18958333333333333,0.159375,0.19166666666666668,0.38125,0.5416666666666666,0.8140625,0.23333333333333334,0.9203125,0.39791666666666664
Pour,Pour,test,3,cup,n07930864,easy,0,images/n07930864/0066.JPEG,Pour/tests/03__cup__0066.JPEG,0.7982,0.029865,2.750766,0,0.2796875,0.25833333333333336,0.33125,0.26458333333333334,0.5,0.5395833333333333,0.81875,0.32083333333333336,0.90625,0.3854166666666667
Pour,Pour,test,4,cup,n07930864,easy,0,images/n07930864/0058.JPEG,Pour/tests/04__cup__0058.JPEG,0.7982,0.034634,3.119616,0,0.146875,0.17291666666666666,0.2046875,0.14791666666666667,0.453125,0.5770833333333333,0.8265625,0.22083333333333333,0.9546875,0.41041666666666665
Pour,Pour,test,1,dustpan,n03259009,easy,0,images/n03259009/0049.png,Pour/tests/01__dustpan__0049.png,0.26,0.029551,0.02647,1,0.22343749999999996,0.6104166666666667,0.30156249999999996,0.5479166666666667,0.5640625,0.39375,0.690625,0.24166666666666667,0.9625,0.022916666666666665
Pour,Pour,test,2,dustpan,n03259009,easy,0,images/n03259009/0012.png,Pour/tests/02__dustpan__0012.png,0.26,0.033166,0.016259,1,0.48906249999999996,0.4375,0.5515625,0.4270833333333333,0.6859375,0.37916666666666665,0.771875,0.3458333333333333,0.928125,0.29791666666666666
Pour,Pour,test,3,dustpan,n03259009,easy,0,images/n03259009/0036.png,Pour/tests/03__dustpan__0036.png,0.26,0.057865,0.023023,1,0.25625,0.5979166666666667,0.33906250000000004,0.5333333333333333,0.5796875,0.37916666666666665,0.6765625,0.2708333333333333,0.903125,0.10208333333333333
Pour,Pour,test,4,dustpan,n03259009,easy,0,images/n03259009/0013.png,Pour/tests/04__dustpan__0013.png,0.26,0.062356,0.036654,1,0.20625000000000004,0.70625,0.3109375,0.6083333333333333,0.46875,0.5395833333333333,0.675,0.2833333333333333,0.925,0.06666666666666667
Pour,Pour,test,1,frying_pan,n03400231,easy,0,images/n03400231/0042.JPEG,Pour/tests/01__frying_pan__0042.JPEG,0.5294,0.017347,0.108356,0,0.246875,0.6375,0.30625,0.6104166666666667,0.4546875,0.5854166666666667,0.6484375,0.4354166666666667,0.809375,0.34375
Pour,Pour,test,2,frying_pan,n03400231,easy,0,images/n03400231/0050.JPEG,Pour/tests/02__frying_pan__0050.JPEG,0.5294,0.018848,0.118087,0,0.1640625,0.7604166666666666,0.25625,0.7666666666666667,0.4078125,0.6375,0.6578125,0.36666666666666664,0.909375,0.0875
Pour,Pour,test,3,frying_pan,n03400231,easy,0,images/n03400231/0063.JPEG,Pour/tests/03__frying_pan__0063.JPEG,0.5294,0.022399,0.121659,0,0.24375,0.5979166666666667,0.296875,0.5541666666666667,0.4625,0.5354166666666667,0.6703125,0.33958333333333335,0.8671875,0.19166666666666668
Pour,Pour,test,4,frying_pan,n03400231,easy,0,images/n03400231/0019.JPEG,Pour/tests/04__frying_pan__0019.JPEG,0.5294,0.026395,0.055357,0,0.275,0.79375,0.303125,0.76875,0.4859375,0.6145833333333334,0.7578125,0.3375,0.9546875,0.05416666666666667
Pour,Pour,test,1,watering_can,n04560292,easy,0,images/n04560292/0097.png,Pour/tests/01__watering_can__0097.png,0.5644,0.040502,5.978004,0,0.15,0.44166666666666665,0.5109375,0.6770833333333334,0.6921875,0.6041666666666666,0.6890625,0.24375,0.85625,0.2708333333333333
Pour,Pour,test,2,watering_can,n04560292,easy,0,images/n04560292/0100.png,Pour/tests/02__watering_can__0100.png,0.5644,0.065145,6.029171,0,0.015625,0.21458333333333332,0.375,0.5916666666666667,0.615625,0.5791666666666667,0.65625,0.20833333333333334,0.85625,0.21666666666666667
Pour,Pour,test,3,watering_can,n04560292,easy,0,images/n04560292/0029.png,Pour/tests/03__watering_can__0029.png,0.5644,0.077446,6.637755,0,0.1765625,0.17291666666666666,0.4390625,0.63125,0.5828125,0.79375,0.8234375,0.35,0.934375,0.4791666666666667
Pour,Pour,test,4,watering_can,n04560292,easy,0,images/n04560292/0009.png,Pour/tests/04__watering_can__0009.png,0.5644,0.090896,6.06622,0,0.20625,0.4083333333333333,0.496875,0.7458333333333333,0.7046875,0.6708333333333333,0.8109375,0.2875,0.9296875,0.32083333333333336
Pull out a nail,Pull_out_a_nail,reference,1,hammer,n03481172,easy,0,images/n03481172/0033.JPEG,Pull_out_a_nail/references/01__hammer__0033.JPEG,0.375,0.007481,0.668378,1,0.171875,0.7229166666666667,0.10468750000000004,0.63125,0.46406250000000004,0.4791666666666667,0.6875,0.46458333333333335,0.9453125,0.4708333333333333
Pull out a nail,Pull_out_a_nail,reference,2,tablefork,n04380255,easy,0,images/n04380255/0066.png,Pull_out_a_nail/references/02__tablefork__0066.png,0.4752,0.005957,0.023443,0,0.146875,0.25833333333333336,0.2171875,0.35833333333333334,0.4703125,0.5,0.6609375,0.6229166666666667,0.884375,0.7625
Pull out a nail,Pull_out_a_nail,test,1,frying_pan,n03400231,easy,0,images/n03400231/0023.JPEG,Pull_out_a_nail/tests/01__frying_pan__0023.JPEG,0.5882,0.011664,0.083467,0,0.109375,0.68125,0.209375,0.7,0.6765625,0.4375,0.784375,0.3333333333333333,0.9015625,0.25
Pull out a nail,Pull_out_a_nail,test,2,frying_pan,n03400231,easy,0,images/n03400231/0054.JPEG,Pull_out_a_nail/tests/02__frying_pan__0054.JPEG,0.5882,0.012544,0.093978,0,0.0234375,0.5604166666666667,0.0296875,0.6458333333333334,0.625,0.525,0.7828125,0.45208333333333334,0.9609375,0.425
Pull out a nail,Pull_out_a_nail,test,3,frying_pan,n03400231,easy,0,images/n03400231/0035.JPEG,Pull_out_a_nail/tests/03__frying_pan__0035.JPEG,0.5882,0.01315,0.021448,0,0.29375,0.8104166666666667,0.334375,0.7979166666666667,0.7109375,0.3020833333333333,0.821875,0.17708333333333334,0.9015625,0.0625
Pull out a nail,Pull_out_a_nail,test,4,frying_pan,n03400231,easy,0,images/n03400231/0042.JPEG,Pull_out_a_nail/tests/04__frying_pan__0042.JPEG,0.5882,0.017378,0.105927,0,0.215625,0.5854166666666667,0.296875,0.6208333333333333,0.6625,0.44166666666666665,0.7484375,0.36875,0.8265625,0.3333333333333333
Pull out a nail,Pull_out_a_nail,test,1,hammer,n03481172,easy,0,images/n03481172/0064.JPEG,Pull_out_a_nail/tests/01__hammer__0064.JPEG,0.375,0.023782,0.692826,0,0.2015625,0.21041666666666667,0.1390625,0.29583333333333334,0.484375,0.475,0.7546875,0.47291666666666665,0.9421875,0.47291666666666665
Pull out a nail,Pull_out_a_nail,test,2,hammer,n03481172,easy,0,images/n03481172/0103.JPEG,Pull_out_a_nail/tests/02__hammer__0103.JPEG,0.375,0.033368,0.547765,0,0.2609375,0.125,0.2125,0.22083333333333333,0.434375,0.47708333333333336,0.634375,0.6125,0.846875,0.7541666666666667
Pull out a nail,Pull_out_a_nail,test,3,hammer,n03481172,easy,0,images/n03481172/0009.JPEG,Pull_out_a_nail/tests/03__hammer__0009.JPEG,0.375,0.045586,0.501221,1,0.04062500000000002,0.21041666666666667,0.12187499999999996,0.16458333333333333,0.4296875,0.325,0.6015625,0.4979166666666667,0.7953125,0.6895833333333333
Pull out a nail,Pull_out_a_nail,test,4,hammer,n03481172,easy,0,images/n03481172/0010.JPEG,Pull_out_a_nail/tests/04__hammer__0010.JPEG,0.375,0.056442,0.711974,0,0.2296875,0.3020833333333333,0.2015625,0.4354166666666667,0.578125,0.5229166666666667,0.74375,0.5270833333333333,0.915625,0.5041666666666667
Pull out a nail,Pull_out_a_nail,test,1,ladle,n03633091,easy,0,images/n03633091/0019.JPEG,Pull_out_a_nail/tests/01__ladle__0019.JPEG,0.5094,0.008244,0.037672,0,0.08125,0.47291666666666665,0.121875,0.4979166666666667,0.5453125,0.475,0.7125,0.45,0.9046875,0.45
Pull out a nail,Pull_out_a_nail,test,2,ladle,n03633091,easy,0,images/n03633091/0083.JPEG,Pull_out_a_nail/tests/02__ladle__0083.JPEG,0.5094,0.029604,0.096337,0,0.1640625,0.85,0.228125,0.9208333333333333,0.48125,0.5291666666666667,0.60625,0.3625,0.7640625,0.13541666666666666
Pull out a nail,Pull_out_a_nail,test,3,ladle,n03633091,easy,0,images/n03633091/0004.JPEG,Pull_out_a_nail/tests/03__ladle__0004.JPEG,0.5094,0.034144,0.040111,0,0.1140625,0.7083333333333334,0.159375,0.7125,0.4953125,0.45625,0.7203125,0.25625,0.8875,0.11666666666666667
Pull out a nail,Pull_out_a_nail,test,4,ladle,n03633091,easy,0,images/n03633091/0034.JPEG,Pull_out_a_nail/tests/04__ladle__0034.JPEG,0.5094,0.044859,0.090908,0,0.1125,0.9208333333333333,0.26875,0.8895833333333333,0.5515625,0.4375,0.703125,0.18333333333333332,0.85,0.07291666666666667
Pull out a nail,Pull_out_a_nail,test,1,spoon,n04284002,easy,0,images/n04284002/0054.JPEG,Pull_out_a_nail/tests/01__spoon__0054.JPEG,0.4286,0.003087,0.003389,0,0.04375,0.5104166666666666,0.090625,0.5041666666666667,0.45,0.5104166666666666,0.6921875,0.5208333333333334,0.9546875,0.525
Pull out a nail,Pull_out_a_nail,test,2,spoon,n04284002,easy,0,images/n04284002/0000.jpg,Pull_out_a_nail/tests/02__spoon__0000.jpg,0.4286,0.003163,0.008023,0,0.0984375,0.80625,0.14375,0.7729166666666667,0.4515625,0.4708333333333333,0.6734375,0.30416666666666664,0.8921875,0.12083333333333333
Pull out a nail,Pull_out_a_nail,test,3,spoon,n04284002,easy,0,images/n04284002/0082.JPEG,Pull_out_a_nail/tests/03__spoon__0082.JPEG,0.4286,0.00679,0.006782,1,0.07968750000000002,0.12916666666666668,0.13906249999999998,0.19375,0.4828125,0.45,0.6671875,0.5833333333333334,0.9203125,0.7666666666666667
Pull out a nail,Pull_out_a_nail,test,4,spoon,n04284002,easy,0,images/n04284002/0036.JPEG,Pull_out_a_nail/tests/04__spoon__0036.JPEG,0.4286,0.007872,0.005073,1,0.15312499999999996,0.15,0.18593749999999998,0.18958333333333333,0.45625000000000004,0.4375,0.6,0.5833333333333334,0.8265625,0.7729166666666667
Pull out a nail,Pull_out_a_nail,test,1,tablefork,n04380255,easy,0,images/n04380255/0086.png,Pull_out_a_nail/tests/01__tablefork__0086.png,0.4752,0.009016,0.015355,0,0.1,0.3458333333333333,0.228125,0.425,0.4796875,0.49375,0.70625,0.59375,0.909375,0.7083333333333334
Pull out a nail,Pull_out_a_nail,test,2,tablefork,n04380255,easy,0,images/n04380255/0090.png,Pull_out_a_nail/tests/02__tablefork__0090.png,0.4752,0.015232,0.027697,0,0.053125,0.14166666666666666,0.1796875,0.3125,0.51875,0.48125,0.7140625,0.6604166666666667,0.9453125,0.8520833333333333
Pull out a nail,Pull_out_a_nail,test,3,tablefork,n04380255,easy,0,images/n04380255/0015.jpg,Pull_out_a_nail/tests/03__tablefork__0015.jpg,0.4752,0.015759,0.009479,0,0.1109375,0.07708333333333334,0.19375,0.20208333333333334,0.4640625,0.46458333333333335,0.703125,0.7395833333333334,0.8984375,0.9208333333333333
Pull out a nail,Pull_out_a_nail,test,4,tablefork,n04380255,easy,0,images/n04380255/0044.jpg,Pull_out_a_nail/tests/04__tablefork__0044.jpg,0.4752,0.019534,0.001117,0,0.1234375,0.14791666666666667,0.209375,0.22708333333333333,0.4296875,0.4270833333333333,0.6546875,0.6166666666666667,0.8671875,0.8166666666666667
Scoop,Scoop,reference,1,cup,n07930864,easy,0,images/n07930864/0075.JPEG,Scoop/references/01__cup__0075.JPEG,0.8073,0.009919,6.883008,0,0.084375,0.3020833333333333,0.7390625,0.26458333333333334,0.4234375,0.86875,0.8,0.32708333333333334,0.9484375,0.47291666666666665
Scoop,Scoop,reference,2,frying_pan,n03400231,easy,0,images/n03400231/0068.JPEG,Scoop/references/02__frying_pan__0068.JPEG,0.5392,0.003919,0.151503,0,0.128125,0.5833333333333334,0.5859375,0.5895833333333333,0.3515625,0.6354166666666666,0.6703125,0.5729166666666666,0.91875,0.5375
Scoop,Scoop,test,1,basket,n02801938,easy,0,images/n02801938/0010.png,Scoop/tests/01__basket__0010.png,0.301,0.249492,6.589221,0,0.1609375,0.5083333333333333,0.5140625,0.63125,0.44375,0.7729166666666667,0.53125,0.5916666666666667,0.5140625,0.25833333333333336
Scoop,Scoop,test,2,basket,n02801938,easy,0,images/n02801938/0073.png,Scoop/tests/02__basket__0073.png,0.301,0.253891,6.216333,0,0.0265625,0.46875,0.434375,0.6645833333333333,0.353125,0.78125,0.440625,0.5979166666666667,0.4765625,0.14791666666666667
Scoop,Scoop,test,3,basket,n02801938,easy,0,images/n02801938/0005.png,Scoop/tests/03__basket__0005.png,0.301,0.332532,5.860616,0,0.0296875,0.5583333333333333,0.4359375,0.7916666666666666,0.3625,0.8979166666666667,0.478125,0.7666666666666667,0.4828125,0.17083333333333334
Scoop,Scoop,test,4,basket,n02801938,easy,0,images/n02801938/0065.png,Scoop/tests/04__basket__0065.png,0.301,0.350429,4.915586,0,0.071875,0.39791666666666664,0.384375,0.49583333333333335,0.30625,0.825,0.4453125,0.48125,0.5109375,0.09791666666666667
Scoop,Scoop,test,1,cup,n07930864,easy,0,images/n07930864/0078.JPEG,Scoop/tests/01__cup__0078.JPEG,0.8073,0.014024,7.382183,0,0.05,0.19583333333333333,0.70625,0.1875,0.3796875,0.8479166666666667,0.746875,0.2875,0.9265625,0.4270833333333333
Scoop,Scoop,test,2,cup,n07930864,easy,0,images/n07930864/0092.JPEG,Scoop/tests/02__cup__0092.JPEG,0.8073,0.016644,7.582307,0,0.0390625,0.14791666666666667,0.7390625,0.12916666666666668,0.3875,0.8666666666666667,0.7859375,0.24583333333333332,0.9375,0.37083333333333335
Scoop,Scoop,test,3,cup,n07930864,easy,0,images/n07930864/0069.JPEG,Scoop/tests/03__cup__0069.JPEG,0.8073,0.018535,6.992826,0,0.09375,0.20833333333333334,0.75,0.22083333333333333,0.4125,0.8166666666666667,0.85625,0.2833333333333333,0.934375,0.4479166666666667
Scoop,Scoop,test,4,cup,n07930864,easy,0,images/n07930864/0028.JPEG,Scoop/tests/04__cup__0028.JPEG,0.8073,0.018891,6.799625,0,0.06875,0.17708333333333334,0.759375,0.17916666666666667,0.403125,0.7666666666666667,0.83125,0.23125,0.9296875,0.39166666666666666
Scoop,Scoop,test,1,frying_pan,n03400231,easy,0,images/n03400231/0079.JPEG,Scoop/tests/01__frying_pan__0079.JPEG,0.5392,0.018604,0.126687,0,0.1375,0.6458333333333334,0.653125,0.40625,0.3765625,0.5854166666666667,0.6984375,0.35208333333333336,0.9375,0.20416666666666666
Scoop,Scoop,test,2,frying_pan,n03400231,easy,0,images/n03400231/0054.JPEG,Scoop/tests/02__frying_pan__0054.JPEG,0.5392,0.027985,0.187741,0,0.03125,0.55,0.5640625,0.54375,0.303125,0.6020833333333333,0.7140625,0.45208333333333334,0.953125,0.4083333333333333
Scoop,Scoop,test,3,frying_pan,n03400231,easy,0,images/n03400231/0076.JPEG,Scoop/tests/03__frying_pan__0076.JPEG,0.5392,0.031691,0.254218,0,0.0625,0.4666666666666667,0.6578125,0.3770833333333333,0.365625,0.5354166666666667,0.74375,0.3645833333333333,0.9875,0.2520833333333333
Scoop,Scoop,test,4,frying_pan,n03400231,easy,0,images/n03400231/0086.JPEG,Scoop/tests/04__frying_pan__0086.JPEG,0.5392,0.034575,0.164024,0,0.115625,0.7333333333333333,0.6109375,0.4479166666666667,0.3828125,0.6395833333333333,0.6625,0.4166666666666667,0.8640625,0.18541666666666667
Scoop,Scoop,test,1,shoe,n04199027,easy,0,images/n04199027/0079.JPEG,Scoop/tests/01__shoe__0079.JPEG,0.6,0.036036,1.419999,0,0.059375,0.14791666666666667,0.39375,0.2875,0.190625,0.49583333333333335,0.6375,0.6395833333333333,0.9203125,0.65
Scoop,Scoop,test,2,shoe,n04199027,easy,0,images/n04199027/0009.JPEG,Scoop/tests/02__shoe__0009.JPEG,0.6,0.042113,0.947584,0,0.059375,0.3854166666666667,0.3953125,0.38125,0.2703125,0.5541666666666667,0.68125,0.5833333333333334,0.95625,0.6333333333333333
Scoop,Scoop,test,3,shoe,n04199027,easy,0,images/n04199027/0061.JPEG,Scoop/tests/03__shoe__0061.JPEG,0.6,0.046272,1.085235,0,0.103125,0.59375,0.44375,0.46875,0.340625,0.6625,0.725,0.5645833333333333,0.915625,0.4125
Scoop,Scoop,test,4,shoe,n04199027,easy,0,images/n04199027/0068.JPEG,Scoop/tests/04__shoe__0068.JPEG,0.6,0.051819,1.693344,0,0.06875,0.30833333333333335,0.3625,0.3229166666666667,0.165625,0.59375,0.5796875,0.66875,0.8515625,0.7
Scoop,Scoop,test,1,spoon,n04284002,easy,0,images/n04284002/0037.jpg,Scoop/tests/01__spoon__0037.jpg,0.4242,0.015752,0.02776,0,0.078125,0.14583333333333334,0.3515625,0.425,0.1953125,0.29375,0.5640625,0.5583333333333333,0.8734375,0.80625
Scoop,Scoop,test,2,spoon,n04284002,easy,0,images/n04284002/0094.JPEG,Scoop/tests/02__spoon__0094.JPEG,0.4242,0.016255,0.007731,1,0.06562500000000004,0.19166666666666668,0.3140625,0.28958333333333336,0.16718750000000004,0.24375,0.5421875,0.4375,0.9046875,0.6166666666666667
Scoop,Scoop,test,3,spoon,n04284002,easy,0,images/n04284002/0001.png,Scoop/tests/03__spoon__0001.png,0.4242,0.017646,0.002134,0,0.015625,0.12083333333333333,0.30625,0.35625,0.196875,0.27708333333333335,0.5640625,0.5729166666666666,0.94375,0.8729166666666667
Scoop,Scoop,test,4,spoon,n04284002,easy,0,images/n04284002/0078.JPEG,Scoop/tests/04__spoon__0078.JPEG,0.4242,0.021806,0.001679,0,0.028125,0.5416666666666666,0.3171875,0.5416666666666666,0.1921875,0.5416666666666666,0.584375,0.5333333333333333,0.8875,0.5375
Scrape,Scrape,reference,1,spatula,n04269944,easy,0,images/n04269944/0049.png,Scrape/references/01__spatula__0049.png,0.44,0.065241,0.166276,1,0.15000000000000002,0.38125,0.2734375,0.45416666666666666,0.19687500000000002,0.4166666666666667,0.534375,0.475,0.76875,0.6
Scrape,Scrape,reference,2,scraper,n04150980,easy,0,images/n04150980/0019.png,Scrape/references/02__scraper__0019.png,0.4304,0.040527,1.764622,0,0.1390625,0.275,0.096875,0.5854166666666667,0.103125,0.4125,0.4796875,0.45625,0.81875,0.48125
Scrape,Scrape,test,1,scraper,n04150980,easy,0,images/n04150980/0075.png,Scrape/tests/01__scraper__0075.png,0.4304,0.051797,1.43267,0,0.178125,0.2604166666666667,0.05625,0.5354166666666667,0.11875,0.3770833333333333,0.578125,0.45625,0.921875,0.5333333333333333
Scrape,Scrape,test,2,scraper,n04150980,easy,0,images/n04150980/0011.png,Scrape/tests/02__scraper__0011.png,0.4304,0.060307,1.112213,0,0.015625,0.5895833333333333,0.1046875,0.8416666666666667,0.06875,0.6958333333333333,0.496875,0.39791666666666664,0.9,0.22083333333333333
Scrape,Scrape,test,3,scraper,n04150980,easy,0,images/n04150980/0031.png,Scrape/tests/03__scraper__0031.png,0.4304,0.061083,1.823658,1,0.10624999999999996,0.8104166666666667,0.057812500000000044,0.4479166666666667,0.08281249999999996,0.6208333333333333,0.51875,0.4666666666666667,0.7796875,0.3458333333333333
Scrape,Scrape,test,4,scraper,n04150980,easy,0,images/n04150980/0029.png,Scrape/tests/04__scraper__0029.png,0.4304,0.069085,0.964033,1,0.16249999999999998,0.6895833333333333,0.07343750000000004,0.51875,0.12031250000000004,0.6020833333333333,0.5296875,0.4479166666666667,0.9,0.3645833333333333
Scrape,Scrape,test,1,spatula,n04269944,easy,0,images/n04269944/0085.png,Scrape/tests/01__spatula__0085.png,0.44,0.071081,0.175936,1,0.21406250000000004,0.56875,0.3984375,0.59375,0.30937499999999996,0.5875,0.609375,0.5333333333333333,0.878125,0.5395833333333333
Scrape,Scrape,test,2,spatula,n04269944,easy,0,images/n04269944/0014.png,Scrape/tests/02__spatula__0014.png,0.44,0.074492,0.30727,1,0.15468749999999998,0.6333333333333333,0.37968749999999996,0.6458333333333334,0.265625,0.6625,0.55,0.5166666666666667,0.8625,0.48125
Scrape,Scrape,test,3,spatula,n04269944,easy,0,images/n04269944/0072.png,Scrape/tests/03__spatula__0072.png,0.44,0.075488,0.431661,0,0.0328125,0.25416666666666665,0.2203125,0.12916666666666668,0.13125,0.18541666666666667,0.5890625,0.5166666666666667,0.9234375,0.8
Scrape,Scrape,test,4,spatula,n04269944,easy,0,images/n04269944/0035.png,Scrape/tests/04__spatula__0035.png,0.44,0.103147,0.407374,1,0.11250000000000004,0.65,0.3609375,0.6520833333333333,0.25468749999999996,0.7125,0.6046875,0.4375,0.8359375,0.3333333333333333
Scrape,Scrape,test,1,spoon,n04284002,easy,0,images/n04284002/0057.JPEG,Scrape/tests/01__spoon__0057.JPEG,0.4444,0.010508,0.217604,0,0.15,0.9208333333333333,0.384375,0.7666666666666667,0.3125,0.8916666666666667,0.5015625,0.5020833333333333,0.85,0.10208333333333333
Scrape,Scrape,test,2,spoon,n04284002,easy,0,images/n04284002/0017.JPEG,Scrape/tests/02__spoon__0017.JPEG,0.4444,0.021916,0.099842,0,0.084375,0.71875,0.3390625,0.5604166666666667,0.225,0.65625,0.5109375,0.3729166666666667,0.896875,0.10208333333333333
Scrape,Scrape,test,3,spoon,n04284002,easy,0,images/n04284002/0031.JPEG,Scrape/tests/03__spoon__0031.JPEG,0.4444,0.022603,0.130389,0,0.1859375,0.5083333333333333,0.3625,0.5270833333333333,0.2421875,0.5583333333333333,0.5515625,0.5145833333333333,0.8734375,0.5229166666666667
Scrape,Scrape,test,4,spoon,n04284002,easy,0,images/n04284002/0076.JPEG,Scrape/tests/04__spoon__0076.JPEG,0.4444,0.036846,0.126839,0,0.1375,0.16041666666666668,0.2765625,0.33958333333333335,0.178125,0.26666666666666666,0.575,0.5291666666666667,0.8625,0.7875
Scrape,Scrape,test,1,tablefork,n04380255,easy,0,images/n04380255/0078.png,Scrape/tests/01__tablefork__0078.png,0.4554,0.020285,0.117371,0,0.146875,0.78125,0.390625,0.6458333333333334,0.2796875,0.71875,0.5203125,0.46041666666666664,0.846875,0.23541666666666666
Scrape,Scrape,test,2,tablefork,n04380255,easy,0,images/n04380255/0026.jpg,Scrape/tests/02__tablefork__0026.jpg,0.4554,0.020616,0.183554,0,0.05625,0.2625,0.259375,0.48125,0.1625,0.40208333333333335,0.4609375,0.47708333333333336,0.91875,0.7541666666666667
Scrape,Scrape,test,3,tablefork,n04380255,easy,0,images/n04380255/0015.jpg,Scrape/tests/03__tablefork__0015.jpg,0.4554,0.026689,0.111228,0,0.0890625,0.17916666666666667,0.2921875,0.39791666666666664,0.1953125,0.32083333333333336,0.5109375,0.48541666666666666,0.9296875,0.9645833333333333
Scrape,Scrape,test,4,tablefork,n04380255,easy,0,images/n04380255/0057.png,Scrape/tests/04__tablefork__0057.png,0.4554,0.03156,0.080236,0,0.0484375,0.0875,0.25625,0.32916666666666666,0.15,0.22083333333333333,0.4578125,0.4354166666666667,0.91875,0.9395833333333333
Scrape,Scrape,test,1,trowel,n04489817,easy,0,images/n04489817/0003.png,Scrape/tests/01__trowel__0003.png,0.5347,0.0714,2.213001,0,0.25625,0.5333333333333333,0.584375,0.5541666666666667,0.4765625,0.5666666666666667,0.6671875,0.23333333333333334,0.790625,0.17083333333333334
Scrape,Scrape,test,2,trowel,n04489817,easy,0,images/n04489817/0035.png,Scrape/tests/02__trowel__0035.png,0.5347,0.084968,1.434069,0,0.2328125,0.8479166666666667,0.509375,0.9041666666666667,0.384375,0.8791666666666667,0.68125,0.6770833333333334,0.9109375,0.6145833333333334
Scrape,Scrape,test,3,trowel,n04489817,easy,0,images/n04489817/0046.png,Scrape/tests/03__trowel__0046.png,0.5347,0.08558,1.412436,0,0.1453125,0.9520833333333333,0.5703125,0.8166666666666667,0.3609375,0.8958333333333334,0.6375,0.42916666666666664,0.8859375,0.20208333333333334
Scrape,Scrape,test,4,trowel,n04489817,easy,0,images/n04489817/0040.png,Scrape/tests/04__trowel__0040.png,0.5347,0.08721,1.455181,0,0.1203125,0.9,0.5890625,0.7791666666666667,0.353125,0.8604166666666667,0.6890625,0.33541666666666664,0.9484375,0.125
